Company Name,Website,Phone,Email,Owner Name,Owner Title,City,State,Industry,Estimated Revenue,Employees,Year Founded,LinkedIn
Evergreen Pipe Works Co.,EVERGREENPIPEWORKS.COM,813.722.3946,patricia_rodriguez@gmail.com,Patricia Rodriguez,Office Manager,Tampa,FL,Plumbing,2520000,21,1995,
Trailhead Software LLC,TRAILHEADSOFTWARE.COM,16145286006,maria_garcia@aol.com,Maria Garcia,Founder & Owner,Columbus,OH,Software Startup,793000,6,2019,https://www.linkedin.com/company/trailheadsoftware
Sunrise Roofing & Exteriors Inc.,SUNRISEROOFINGANDEXTERIORS.COM,18166741083,daniel@sunriseroofingandexteriors.com,Daniel Baker,Owner,Kansas City,MO,Roofing,3990000,,1986,
Pinecrest Grill,https://www.pinecrestgrill.com,+1 919 342 3145,steven_patel@gmail.com,,Managing Partner,Raleigh,NC,Restaurant,5290000,46,2001,https://www.linkedin.com/company/pinecrestgrill
Heritage Technology Group Corp,http://heritagetechnologygroup.com,303-325-5669,linda.anderson@yahoo.com,,Owner,Denver,CO,IT Services,4950000,,,https://www.linkedin.com/company/heritagetechnologygroup
Prairie Pipe Works LLC,http://prairiepipeworks.com,17044546384,michael_lewis26@gmail.com,Michael Lewis,Founder & Owner,Charlotte,NC,Plumbing,45470000,,1998,https://www.linkedin.com/company/prairiepipeworks
Mesa Outdoor Services,MESAOUTDOORSERVICES.COM,512-726-9279,,Raj Campbell,Managing Partner,Austin,TX,Landscaping,7830000,45,,https://www.linkedin.com/company/mesaoutdoorservices
Liberty Air Systems Corp,LIBERTYAIRSYSTEMS.COM,+1 813 553 3578,olga_adams@aol.com,Olga Adams,Founder & Owner,Tampa,FL,HVAC,7960000,52,2005,
Frontier Networks,FRONTIERNETWORKS.COM,+1 615 331 7202,deborah@frontiernetworks.com,Deborah Hall,General Manager,Nashville,TN,IT Services,1430000,13,1989,
Keystone Plumbing & Drain,http://keystoneplumbinganddrain.com,816-662-4975,carol.okafor@outlook.com,Carol Okafor,Owner,Kansas City,MO,Plumbing,4560000,40,2000,https://www.linkedin.com/company/keystoneplumbinganddrain
Ironwood Roofing & Exteriors Co.,IRONWOODROOFINGANDEXTERIORS.COM,+1 804 402 4513,donnarobinson@yahoo.com,Donna Robinson,General Manager,Richmond,VA,Roofing,3590000,22,1998,
Harbor Bistro Co.,HARBORBISTRO.COM,(877) 555-0187,kevinevans@outlook.com,Kevin Evans,Managing Partner,Charlotte,NC,Restaurant,3990000,35,2015,https://www.linkedin.com/company/harborbistro
CARDINAL LAWN & GARDEN,,402-359-7063,,,Office Manager,Omaha,NE,Landscaping,2450000,17,1986,
Harbor Pipe Works Inc.,www.harborpipeworks.com/contact,208-726-2670,ronaldkowalski33@yahoo.com,Ronald Kowalski,Managing Partner,Boise,ID,Plumbing,6310000,38,2020,https://www.linkedin.com/company/harborpipeworks
Cardinal HVAC Inc.,http://cardinalhvac.com,(801) 768-8008,donna@cardinalhvac.com,Donna Martinez,President,Salt Lake City,UT,HVAC,53400000,,2010,
Ironwood Lawn & Garden Corp,www.ironwoodlawnandgarden.com/contact,+1 704 529 4917,olgagarcia14@hotmail.com,Olga Garcia,President,Charlotte,NC,Landscaping,4090000,,1981,https://www.linkedin.com/company/ironwoodlawnandgarden
Heritage Pest Solutions Inc.,www.heritagepestsolutions.com/contact,214-215-1380,david.adams@outlook.com,David Adams,CEO,Dallas,TX,Pest Control,3160000,34,1990,
Pinecrest Supply Co Inc.,http://pinecrestsupplyco.com,13033445227,deborah@pinecrestsupplyco.com,Deborah Green,Office Manager,Denver,CO,Retail,4940000,52,2023,
Westfield Grill,http://westfieldgrill.com,17048279682,maria@westfieldgrill.com,Maria Walker,Managing Partner,Charlotte,NC,Restaurant,4000000,,1999,
Copperline Electrical Contractors L.L.C.,https://www.copperlineelectricalcontractors.com,(303) 551-6482,olga.anderson@yahoo.com,Olga Anderson,Office Manager,Denver,CO,Electrical,2850000,19,2000,
Sunise Roofing & Exteriors Inc.,,,daniel@sunriseroofingandexteriors.com,Daniel Baker,Owner,Kansas City,MO,Roofing,3990000,35,,
Unin Square CPA Group L.L.C.,,,cynthia@unionsquarecpagroup.com,Cynthia Allen,Founder & Owner,Kansas City,MO,Accounting,54520000,,,
Golden Gate HVAC Inc.,https://www.goldengatehvac.com,(404) 349-8808,pamela_allen10@aol.com,Pamela Allen,Owner,Atlanta,GA,HVAC,9270000,85,1995,
Summit Automotive Corp,www.summitautomotive.com/contact,19195419499,markgreen@yahoo.com,Mark Green,General Manager,Raleigh,NC,Auto Repair,6260000,58,1999,
Fox Run Exterminators Co.,http://foxrunexterminators.com,+1 404 479 6177,,Pamela Anderson,CEO,Atlanta,GA,Pest Control,4320000,47,1998,https://www.linkedin.com/company/foxrunexterminators
Coperline Electrical Contractors L.L.C.,,,olga.anderson@yahoo.com,Olga Anderson,Office Manager,Denver,CO,Electrical,2850000,19,2000,
Prairie Accounting LLC,https://www.prairieaccounting.com,(208) 387-8846,barbara_rodriguez97@outlook.com,Barbara Rodriguez,General Manager,Boise,ID,Accounting,7200000,48,,https://www.linkedin.com/company/prairieaccounting
Clearview Accounting Co.,CLEARVIEWACCOUNTING.COM,+1 402 568 7666,patricia_roberts@outlook.com,Patricia Roberts,President,Omaha,NE,Accounting,1910000,21,1981,https://www.linkedin.com/company/clearviewaccounting
Northstar Heating & Air,NORTHSTARHEATINGANDAIR.COM,(813) 732-7165,olga_garcia@yahoo.com,Olga Garcia,CEO,Tampa,FL,HVAC,1630000,10,1993,
Keystone Auto Repair LLC,http://keystoneautorepair.com,(919) 524-6027,brenda@keystoneautorepair.com,Brenda Anderson,President,Raleigh,NC,Auto Repair,24270000,211,2022,https://www.linkedin.com/company/keystoneautorepair
Patriot Landscaping L.L.C.,http://patriotlandscaping.com,+1 512 547 2532,pamela_nelson@aol.com,Pamela Nelson,Owner,Austin,TX,Landscaping,23320000,212,1982,https://www.linkedin.com/company/patriotlandscaping
Mesa Heating & Air Inc.,www.mesaheatingandair.com/contact,18015348525,steven_miller81@icloud.com,Steven Miller,President,Salt Lake City,UT,HVAC,990000,11,1987,https://www.linkedin.com/company/mesaheatingandair
Westfield Roofing & Exteriors LLC,https://www.westfieldroofingandexteriors.com,317.716.3098,olga@westfieldroofingandexteriors.com,Olga Wright,Office Manager,Indianapolis,IN,Roofing,1220000,,1994,https://www.linkedin.com/company/westfieldroofingandexteriors
Cobalt Plumbing & Drain,COBALTPLUMBINGANDDRAIN.COM,+1 214 488 4466,robertyoung@hotmail.com,Robert Young,Office Manager,Dallas,TX,Plumbing,,58,,
The Cobalt Automotive,,402-208-1177,info@cobaltautomotive.com,Karen Scott,Office Manager,Omaha,NE,Auto Repair,57680000,377,1975,
Trailhead Auto Repair,http://trailheadautorepair.com,614.578.7999,info@trailheadautorepair.com,,Managing Partner,Columbus,OH,Auto Repair,13210000,95,2013,
CARDINAL LABS LLC,www.cardinallabs.com/contact,19195567816,,,Owner,Raleigh,NC,Software Startup,791000,9,2019,https://www.linkedin.com/company/cardinallabs
Arrowhead Cleaning Services,www.arrowheadcleaningservices.com/contact,+1 602 211 4284,karenturner58@gmail.com,Karen Turner,General Manager,Phoenix,AZ,Commercial Cleaning,1970000,,2001,https://www.linkedin.com/company/arrowheadcleaningservices
Stonegate Software LLC,http://stonegatesoftware.com,317-366-4918,admin@tempmail.net,,General Manager,Indianapolis,IN,Software Startup,310000,5,2021,
Cobalt HVAC Corp,https://www.cobalthvac.com,512-923-4898,info@cobalthvac.com,Daniel Rodriguez,CEO,Austin,TX,HVAC,6210000,57,1978,https://www.linkedin.com/company/cobalthvac
WESTFIELD ROOFING & EXTERIORS,WESTFIELDROOFINGANDEXTERIORS.COM,317-716-3098,,,Office Manager,Indianapolis,IN,Roofing,1220000,,1994,https://www.linkedin.com/company/westfieldroofingandexteriors
Stonegate Automotive L.L.C.,https://www.stonegateautomotive.com,+1 303 249 8800,robert@stonegateautomotive.com,Robert Allen,Owner,Denver,CO,Auto Repair,1260000,9,2017,
Arrowhead Plumbing,http://arrowheadplumbing.com,804-932-7999,ahmed_wright@aol.com,Ahmed Wright,President,Richmond,VA,Plumbing,,18,1982,https://www.linkedin.com/company/arrowheadplumbing
Sunrise Technology Group LLC,https://www.sunrisetechnologygroup.com,614.716.6853,susan_thompson@yahoo.com,,General Manager,Columbus,OH,IT Services,23650000,217,2005,https://www.linkedin.com/company/sunrisetechnologygroup
Riverbend Automotive,RIVERBENDAUTOMOTIVE.COM,18048378669,sandra_perez@gmail.com,Sandra Perez,Founder & Owner,Richmond,VA,Auto Repair,44540000,303,2010,https://www.linkedin.com/company/riverbendautomotive
Ironwood Automotive L.L.C.,https://www.ironwoodautomotive.com,208.310.8138,cynthia.adams@aol.com,Cynthia Adams,CEO,Boise,ID,Auto Repair,8760000,85,2012,
IRONWOOD LAWN & GARDEN,IRONWOODLAWNANDGARDEN.COM,+1 704 529 4917,,,President,Charlotte,NC,Landscaping,,28,1981,https://www.linkedin.com/company/ironwoodlawnandgarden
Stonegate Pipe Works L.L.C.,STONEGATEPIPEWORKS.COM,(816) 308-1766,carol.nelson@aol.com,,Office Manager,Kansas City,MO,Plumbing,5670000,54,1989,
Granite Auto Repair,GRANITEAUTOREPAIR.COM,+1 602 981 1103,mei_young73@yahoo.com,Mei Young,Founder & Owner,Phoenix,AZ,Auto Repair,14660000,,1986,https://www.linkedin.com/company/graniteautorepair
Trailhead Cleaning Services,http://trailheadcleaningservices.com,18135085800,james_martinez31@yahoo.com,James Martinez,General Manager,Tampa,FL,Commercial Cleaning,32330000,317,2006,https://www.linkedin.com/company/trailheadcleaningservices
Keystone Networks LLC,KEYSTONENETWORKS.COM,(512) 399-1528,paul.king@hotmail.com,Paul King,Office Manager,Austin,TX,IT Services,,57,2007,https://www.linkedin.com/company/keystonenetworks
Lakeside Janitorial,LAKESIDEJANITORIAL.COM,614.759.8344,mei.lewis@hotmail.com,,Founder & Owner,Columbus,OH,Commercial Cleaning,5150000,56,2023,https://www.linkedin.com/company/lakesidejanitorial
Copperline Roofing LLC,COPPERLINEROOFING.COM,+1 317 867 7582,pamelaokafor@aol.com,Pamela Okafor,General Manager,Indianapolis,IN,Roofing,6150000,,1996,
The Northstar Software,,19192166681,linda_carter@icloud.com,Linda Carter,Owner,Raleigh,NC,Software Startup,91000,12,2020,
Fox Run Roofing Corp,www.foxrunroofing.com/contact,12089369115,brian@foxrunroofing.com,Brian Turner,CEO,Boise,ID,Roofing,,22,2010,https://www.linkedin.com/company/foxrunroofing
Evergreen Exterminators,http://evergreenexterminators.com,18015249562,kelly.ross@gmial.con,Brenda Rodriguez,Managing Partner,Salt Lake City,UT,Pest Control,12050000,103,2009,
Copperline Outfitters,http://copperlineoutfitters.com,+1 801 713 4568,richardrodriguez@aol.com,,CEO,Salt Lake City,UT,Retail,4110000,34,,
Pinecrest Outfitters LLC,http://pinecrestoutfitters.com,214-541-2173,david@pinecrestoutfitters.com,David Patel,President,Dallas,TX,Retail,33150000,255,2005,https://www.linkedin.com/company/pinecrestoutfitters
Maple Leaf Networks L.L.C.,www.mapleleafnetworks.com/contact,14027062013,barbara.adams29@gmail.com,Barbara Adams,Managing Partner,Omaha,NE,IT Services,49080000,399,2020,https://www.linkedin.com/company/mapleleafnetworks
Highland Electric,https://www.highlandelectric.com,14046274055,info@highlandelectric.com,Luis Green,Founder & Owner,Atlanta,GA,Electrical,15580000,98,2009,https://www.linkedin.com/company/highlandelectric
Patriot Electric,www.patriotelectric.com/contact,(602) 987-3858,brenda@patriotelectric.com,,Office Manager,Phoenix,AZ,Electrical,13440000,112,1980,https://www.linkedin.com/company/patriotelectric
Mesa Bistro,http://mesabistro.com,(512) 857-9801,gary_phillips@aol.com,,CEO,Austin,TX,Restaurant,2570000,,,
Granite Kitchen LLC,https://www.granitekitchen.com,816-825-7500,mike at gmail.com,,General Manager,Kansas City,MO,Restaurant,1030000,7,1989,https://www.linkedin.com/company/granitekitchen
Westfield Auto Care Corp,www.westfieldautocare.com/contact,(214) 779-1908,linda_phillips@yahoo.com,Linda Phillips,President,Dallas,TX,Auto Repair,1640000,13,2003,
Brightpath Grill LLC,https://www.brightpathgrill.com,13176217915,teresa@brightpathgrill.com,Teresa Roberts,Owner,Indianapolis,IN,Restaurant,1600000,9,2016,
Cobalt Accounting L.L.C.,COBALTACCOUNTING.COM,602-753-3518,michael@cobaltaccounting.com,Michael Lewis,General Manager,Phoenix,AZ,Accounting,8850000,59,1996,
Prairie Labs,www.prairielabs.com/contact,602.702.7813,richard.evans@yahoo.com,Richard Evans,General Manager,Phoenix,AZ,Software Startup,,5,2021,
Timberline Exterminators Inc.,www.timberlineexterminators.com/contact,404.878.5475,ronald_allen@outlook.com,Ronald Allen,Founder & Owner,Atlanta,GA,Pest Control,5690000,47,2021,https://www.linkedin.com/company/timberlineexterminators
The Stonegate Auto Care,,(512) 930-8874,david.nguyen@outlook.com,David Nguyen,Office Manager,Austin,TX,Auto Repair,,47,2009,
Heritage Roofing,,801-412-3421,david@heritageroofing.com,David Walker,Founder & Owner,Salt Lake City,UT,Roofing,59210000,387,2019,
Oak Hollow Accounting,https://www.oakhollowaccounting.com,512-522-6106,dennis.rodriguez@gmail.com,Dennis Rodriguez,CEO,Austin,TX,Accounting,4460000,45,2020,https://www.linkedin.com/company/oakhollowaccounting
Arrwhead Tax & Advisory L.L.C.,,,gary_mitchell49@aol.com,Gary Mitchell,Managing Partner,Columbus,OH,Accounting,4500000,25,2002,
Maple Leaf Auto Repair,https://www.mapleleafautorepair.com,18163882121,teresascott96@yahoo.com,Teresa Scott,General Manager,Kansas City,MO,Auto Repair,2340000,14,2001,
Oak Hollow Cleaning Services,https://www.oakhollowcleaningservices.com,16025882887,olga.garcia25@aol.com,Olga Garcia,Owner,Phoenix,AZ,Commercial Cleaning,5270000,45,2021,
Copperline Kitchen,https://www.copperlinekitchen.com,602-740-8436,angelaevans@aol.com,Angela Evans,Owner,Phoenix,AZ,Restaurant,2090000,,2007,https://www.linkedin.com/company/copperlinekitchen
Riverbend Accounting,https://www.riverbendaccounting.com,214-346-3764,teresa_lewis@gmail.com,Teresa Lewis,Founder & Owner,Dallas,TX,Accounting,5220000,45,1997,
Crescent Networks,CRESCENTNETWORKS.COM,(208) 341-1254,info@crescentnetworks.com,James Hall,CEO,Boise,ID,IT Services,3960000,40,,
KEYSTONE AUTO REPAIR,https://www.keystoneautorepair.com,919.524.6027,,,President,Raleigh,NC,Auto Repair,24270000,211,,https://www.linkedin.com/company/keystoneautorepair
Prairie Apps Inc.,www.prairieapps.com/contact,+1 208 753 4635,raj.robinson@outlook.com,Raj Robinson,Office Manager,Boise,ID,Software Startup,,3,2023,https://www.linkedin.com/company/prairieapps
Silver Creek Grill Co.,https://www.silvercreekgrill.com,615.486.9287,steven@silvercreekgrill.com,Steven Rodriguez,General Manager,Nashville,TN,Restaurant,25410000,197,1999,https://www.linkedin.com/company/silvercreekgrill
Westfield Janitorial,www.westfieldjanitorial.com/contact,(801) 954-5955,info@westfieldjanitorial.com,,Owner,Salt Lake City,UT,Commercial Cleaning,,13,1983,https://www.linkedin.com/company/westfieldjanitorial
Copperline Bookkeeping,,18044546229,olga.king50@aol.com,Olga King,Owner,Richmond,VA,Accounting,,22,2017,https://www.linkedin.com/company/copperlinebookkeeping
Lakeside Climate Control LLC,http://lakesideclimatecontrol.com,+1 813 982 7214,barbara@lakesideclimatecontrol.com,Barbara Mitchell,Owner,Tampa,FL,HVAC,1420000,13,2016,https://www.linkedin.com/company/lakesideclimatecontrol
Fox Run Pipe Works,http://foxrunpipeworks.com,+1 208 631 2633,john.smith@@gmail.com,Raj Nelson,Owner,Boise,ID,Plumbing,4610000,32,,
Harbor Plumbing LLC,HARBORPLUMBING.COM,+1 402 616 3392,richardwright9@gmail.com,Richard Wright,President,Omaha,NE,Plumbing,15040000,,1987,https://www.linkedin.com/company/harborplumbing
Granite Power Services LLC,https://www.granitepowerservices.com,(919) 244-4470,cynthiaroberts@outlook.com,,Owner,Raleigh,NC,Electrical,9690000,57,2002,
Crescent Supply Co,CRESCENTSUPPLYCO.COM,(804) 491-1936,gary.adams@gmail.com,Gary Adams,Managing Partner,Richmond,VA,Retail,8570000,51,1989,
Timberline Landscaping L.L.C.,www.timberlinelandscaping.com/contact,317.757.3831,,Deborah Nelson,General Manager,Indianapolis,IN,Landscaping,7220000,46,1999,https://www.linkedin.com/company/timberlinelandscaping
Sunrise Cleaning Services LLC,http://sunrisecleaningservices.com,+1 317 932 1618,angelamitchell@aol.com,Angela Mitchell,CEO,Indianapolis,IN,Commercial Cleaning,2470000,26,1975,
Stonegate Bistro LLC,www.stonegatebistro.com/contact,16028716874,barbara.green54@hotmail.com,Barbara Green,Owner,Phoenix,AZ,Restaurant,5440000,37,1982,https://www.linkedin.com/company/stonegatebistro
Haror Bistro Co.,,,kevinevans@outlook.com,Kevin Evans,Managing Partner,Charlotte,NC,Restaurant,3990000,35,2015,https://www.linkedin.com/company/harborbistro
Patriot Lawn & Garden Corp,,16153306828,dennis.parker@aol.com,Dennis Parker,CEO,Nashville,TN,Landscaping,3250000,,,https://www.linkedin.com/company/patriotlawnandgarden
Cardinal Labs,http://cardinallabs.com,+1 919 556 7816,brian@cardinallabs.com,Brian Garcia,Owner,Raleigh,NC,Software Startup,791000,9,2019,https://www.linkedin.com/company/cardinallabs
Northstar Janitorial,http://northstarjanitorial.com,+1 615 678 4092,deborah.garcia@aol.com,Deborah Garcia,General Manager,Nashville,TN,Commercial Cleaning,37640000,,1982,https://www.linkedin.com/company/northstarjanitorial
The Copperline Electrical Contractors,,+1 303 551 6482,olga.anderson@yahoo.com,Olga Anderson,Office Manager,Denver,CO,Electrical,2850000,19,2000,
Arrowhead Exterminators,www.arrowheadexterminators.com/contact,+1 317 202 2706,,Ronald Hall,Owner,Indianapolis,IN,Pest Control,2680000,22,2005,
Copperline Air Systems,https://www.copperlineairsystems.com,804.418.7903,pamela@copperlineairsystems.com,Pamela Okafor,CEO,Richmond,VA,HVAC,6960000,59,,
Silver Creek Technology Group Co.,https://www.silvercreektechnologygroup.com,+1 816 393 5128,info@silvercreektechnologygroup.com,Mei Hall,Owner,Kansas City,MO,IT Services,2060000,16,2001,
Sumit Automotive Corp,,,markgreen@yahoo.com,Mark Green,General Manager,Raleigh,NC,Auto Repair,6260000,58,1999,
Stonegate Auto Care Co.,www.stonegateautocare.com/contact,N/A,david.nguyen@outlook.com,,Office Manager,Austin,TX,Auto Repair,5550000,47,2009,https://www.linkedin.com/company/stonegateautocare
Crescent HVAC L.L.C.,CRESCENTHVAC.COM,801-415-1340,dennis_miller@icloud.com,Dennis Miller,Owner,Salt Lake City,UT,HVAC,3770000,24,,https://www.linkedin.com/company/crescenthvac
Crescent Bookkeeping Inc.,CRESCENTBOOKKEEPING.COM,816-899-5553,brianmiller@yahoo.com,Brian Miller,Founder & Owner,Kansas City,MO,Accounting,2250000,21,,
The Harbor Pest Control,,+1 512 744 4024,maria.thompson@outlook.com,Maria Thompson,President,Austin,TX,Pest Control,2190000,15,1999,
Heritage Pest Control Corp,HERITAGEPESTCONTROL.COM,303.419.8486,paul@heritagepestcontrol.com,Paul Adams,Managing Partner,Denver,CO,Pest Control,6440000,39,1983,
Westfield CPA Group Inc.,WESTFIELDCPAGROUP.COM,919.748.9303,brian@westfieldcpagroup.com,Brian Lewis,Owner,Raleigh,NC,Accounting,4100000,41,2009,
Maple Leaf Climate Control L.L.C.,www.mapleleafclimatecontrol.com/contact,402-720-4336,markking87@icloud.com,Mark King,Owner,Omaha,NE,HVAC,2960000,17,2016,https://www.linkedin.com/company/mapleleafclimatecontrol
Northstar Janitorial,NORTHSTARJANITORIAL.COM,615.678.4092,deborah.garcia@aol.com,Deborah Garcia,General Manager,Nashville,TN,Commercial Cleaning,37640000,388,1982,https://www.linkedin.com/company/northstarjanitorial
Granite Auto Care Inc.,https://www.graniteautocare.com,(602) 814-3190,olga_campbell@yahoo.com,Olga Campbell,Owner,Phoenix,AZ,Auto Repair,3140000,32,1984,
Timberline Tax & Advisory L.L.C.,www.timberlinetaxandadvisory.com/contact,12084331560,deborah.robinson@icloud.com,Deborah Robinson,Founder & Owner,Boise,ID,Accounting,3140000,,1990,https://www.linkedin.com/company/timberlinetaxandadvisory
Trailhead Cleaning Services,TRAILHEADCLEANINGSERVICES.COM,+1 813 508 5800,james_martinez31@yahoo.com,James Martinez,General Manager,Tampa,FL,Commercial Cleaning,32330000,317,2006,https://www.linkedin.com/company/trailheadcleaningservices
Clearview Electric,www.clearviewelectric.com/contact,(804) 525-8073,brenda@clearviewelectric.com,Brenda Roberts,President,Richmond,VA,Electrical,880000,8,1998,
Copperline Auto Care,,14047318084,angela@copperlineautocare.com,Angela Rodriguez,Owner,Atlanta,GA,Auto Repair,6810000,46,2014,https://www.linkedin.com/company/copperlineautocare
Stonegate Facility Services,www.stonegatefacilityservices.com/contact,+1 404 431 7233,thomas@stonegatefacilityservices.com,Thomas Robinson,President,Atlanta,GA,Commercial Cleaning,4800000,30,1978,https://www.linkedin.com/company/stonegatefacilityservices
Arrowhead Tax & Advisory L.L.C.,www.arrowheadtaxandadvisory.com/contact,614.709.8006,gary_mitchell49@aol.com,Gary Mitchell,Managing Partner,Columbus,OH,Accounting,4500000,25,2002,
Cardinal Electric L.L.C.,www.cardinalelectric.com/contact,614-258-2006,barbaraadams@hotmail.com,Barbara Adams,Owner,Columbus,OH,Electrical,3280000,25,2010,
Sunrise Labs,https://www.sunriselabs.com,+1 512 966 2559,maria.hall@aol.com,Maria Hall,Owner,Austin,TX,Software Startup,662000,2,2022,https://www.linkedin.com/company/sunriselabs
Ironwood Roofing & Exteriors Co.,http://ironwoodroofingandexteriors.com,(804) 402-4513,donnarobinson@yahoo.com,,General Manager,Richmond,VA,Roofing,3590000,22,1998,
Liberty Lawn & Garden,LIBERTYLAWNANDGARDEN.COM,+1 208 632 6899,contact@guerrillamail.com,Susan Mitchell,General Manager,Boise,ID,Landscaping,5010000,55,1982,https://www.linkedin.com/company/libertylawnandgarden
Frontier Exterminators L.L.C.,FRONTIEREXTERMINATORS.COM,214.779.5006,mark.robinson@icloud.com,Mark Robinson,Founder & Owner,Dallas,TX,Pest Control,6160000,46,,https://www.linkedin.com/company/frontierexterminators
Highland Lawn & Garden Inc.,https://www.highlandlawnandgarden.com,208-847-4656,robert.roberts28@outlook.com,Robert Roberts,Managing Partner,Boise,ID,Landscaping,2850000,16,1976,https://www.linkedin.com/company/highlandlawnandgarden
The Westfield Janitorial,,(801) 954-5955,info@westfieldjanitorial.com,Jerry Roberts,Owner,Salt Lake City,UT,Commercial Cleaning,1300000,13,1983,
Lakeside CPA Group,http://lakesidecpagroup.com,317.414.4411,sharon.mitchell12@gmail.com,Sharon Mitchell,President,Indianapolis,IN,Accounting,5290000,42,2022,https://www.linkedin.com/company/lakesidecpagroup
Clearview Software Co.,CLEARVIEWSOFTWARE.COM,+1 208 768 4513,david@clearviewsoftware.com,David Parker,Owner,Boise,ID,Software Startup,291000,11,2019,https://www.linkedin.com/company/clearviewsoftware
EVERGREEN PIPE WORKS LLC,EVERGREENPIPEWORKS.COM,(813) 722-3946,,,Office Manager,Tampa,FL,Plumbing,2520000,21,1995,
Lakeside Kitchen Corp,www.lakesidekitchen.com/contact,+1 402 557 6731,,Carol Wright,Owner,Omaha,NE,Restaurant,6860000,44,2009,
Fox Run Electrical Contractors L.L.C.,https://www.foxrunelectricalcontractors.com,+1 919 300 7362,olga.nelson@hotmail.com,Olga Nelson,Office Manager,Raleigh,NC,Electrical,7870000,55,2016,
Pinecrest Labs L.L.C.,PINECRESTLABS.COM,(800) 555-0142,sandramartinez2@yahoo.com,Sandra Martinez,Owner,Denver,CO,Software Startup,734000,8,2023,
Silver Creek Plumbing & Drain Co.,http://silvercreekplumbinganddrain.com,801.314.3148,owner@mailinator.com,Paul Clark,Managing Partner,Salt Lake City,UT,Plumbing,9410000,57,1988,https://www.linkedin.com/company/silvercreekplumbinganddrain
Brightpath Tax & Advisory,http://brightpathtaxandadvisory.com,+1 303 276 3326,info@brightpathtaxandadvisory.com,Jerry Mitchell,Managing Partner,Denver,CO,Accounting,5390000,58,1988,
Maple Leaf Auto Repair,,816.388.2121,teresascott96@yahoo.com,Teresa Scott,General Manager,Kansas City,MO,Auto Repair,2340000,14,,
Copperline Bookkeeping,https://www.copperlinebookkeeping.com,804.454.6229,olga.king50@aol.com,Olga King,Owner,Richmond,VA,Accounting,2730000,22,2017,https://www.linkedin.com/company/copperlinebookkeeping
Cobalt Air Systems Corp,https://www.cobaltairsystems.com,16154726198,carolscott@aol.com,Carol Scott,President,Nashville,TN,HVAC,23230000,158,2009,https://www.linkedin.com/company/cobaltairsystems
Redtone Janitorial,,,mei_martinez@hotmail.com,,General Manager,Atlanta,GA,Commercial Cleaning,32300000,323,2006,
Bay Point Lawn & Garden Corp,www.baypointlawnandgarden.com/contact,(704) 865-6674,,,President,Charlotte,NC,Landscaping,2850000,25,1987,https://www.linkedin.com/company/baypointlawnandgarden
Northstar Software,www.northstarsoftware.com/contact,+1 919 216 6681,linda_carter@icloud.com,Linda Carter,Owner,Raleigh,NC,Software Startup,91000,,,
Harbor Janitorial Co.,,+1 704 663 7267,mei_parker@icloud.com,Mei Parker,Managing Partner,Charlotte,NC,Commercial Cleaning,,9,,
Frontier Tax & Advisory Inc.,FRONTIERTAXANDADVISORY.COM,+1 303 982 2402,mei.evans@yahoo.com,Mei Evans,Founder & Owner,Denver,CO,Accounting,6210000,46,2007,
Bluewater Tax & Advisory L.L.C.,www.bluewatertaxandadvisory.com/contact,555-0199,danielevans@aol.com,Daniel Evans,Owner,Richmond,VA,Accounting,25590000,191,1996,
Crecent Bookkeeping Inc.,,,brianmiller@yahoo.com,,Founder & Owner,Kansas City,MO,Accounting,2250000,21,2002,
Crescent Facility Services Inc.,https://www.crescentfacilityservices.com,(919) 382-1822,stevencampbell@icloud.com,Steven Campbell,Office Manager,Raleigh,NC,Commercial Cleaning,1980000,,1993,
Crecent Auto Care Corp,,,sharon@crescentautocare.com,Sharon Martinez,Founder & Owner,Charlotte,NC,Auto Repair,3350000,31,1999,https://www.linkedin.com/company/crescentautocare
Crescent Plumbing,http://crescentplumbing.com,(404) 698-4743,raj_rodriguez@gmail.com,,Office Manager,Atlanta,GA,Plumbing,3610000,38,2022,https://www.linkedin.com/company/crescentplumbing
Redstone Janitorial,http://redstonejanitorial.com,404.273.7117,mei_martinez@hotmail.com,Mei Martinez,General Manager,Atlanta,GA,Commercial Cleaning,,323,,
Harbor IT Solutions Inc.,http://harboritsolutions.com,804.757.1839,robert@harboritsolutions.com,,Owner,Richmond,VA,IT Services,4390000,43,1994,https://www.linkedin.com/company/harboritsolutions
COPPERLINE BOOKKEEPING,https://www.copperlinebookkeeping.com,+1 804 454 6229,,,Owner,Richmond,VA,Accounting,2730000,22,2017,https://www.linkedin.com/company/copperlinebookkeeping
Stonegate Pipe Works L.L.C.,http://stonegatepipeworks.com,816.308.1766,carol.nelson@aol.com,Carol Nelson,Office Manager,Kansas City,MO,Plumbing,,54,1989,
CARDINAL HVAC,https://www.cardinalhvac.com,+1 801 768 8008,,,President,Salt Lake City,UT,HVAC,53400000,300,,
Copperline Automotive Corp,www.copperlineautomotive.com/contact,(404) 950-1823,,Deborah Evans,Owner,Atlanta,GA,Auto Repair,,365,2013,https://www.linkedin.com/company/copperlineautomotive
Trailhead Lawn & Garden Co.,TRAILHEADLAWNANDGARDEN.COM,804.498.1739,luis@trailheadlawnandgarden.com,Luis Nguyen,Owner,Richmond,VA,Landscaping,4700000,37,,https://www.linkedin.com/company/trailheadlawnandgarden
Redstone Exterminators LLC,www.redstoneexterminators.com/contact,18014552482,karen@redstoneexterminators.com,Karen Young,Owner,Salt Lake City,UT,Pest Control,1460000,10,1993,
Harbor Pest Control L.L.C.,HARBORPESTCONTROL.COM,+1 512 744 4024,maria.thompson@outlook.com,Maria Thompson,President,Austin,TX,Pest Control,2190000,15,1999,https://www.linkedin.com/company/harborpestcontrol
Northstar Exterminators LLC,NORTHSTAREXTERMINATORS.COM,+1 704 647 5996,olgapatel5@aol.com,Olga Patel,President,Charlotte,NC,Pest Control,1050000,6,1987,https://www.linkedin.com/company/northstarexterminators
Crescent Networks,CRESCENTNETWORKS.COM,+1 208 341 1254,info@crescentnetworks.com,James Hall,CEO,Boise,ID,IT Services,3960000,40,,
Cardinal Auto Repair L.L.C.,www.cardinalautorepair.com/contact,16147341707,kevin@cardinalautorepair.com,Kevin Scott,Office Manager,Columbus,OH,Auto Repair,1430000,11,2000,https://www.linkedin.com/company/cardinalautorepair
Lakeside Labs,,402-907-2924,luis@lakesidelabs.com,Luis King,Office Manager,Omaha,NE,Software Startup,70000,7,2021,
Ironwood Apps LLC,https://www.ironwoodapps.com,+1 615 364 8382,sandra@ironwoodapps.com,Sandra Evans,Managing Partner,Nashville,TN,Software Startup,418000,10,2019,https://www.linkedin.com/company/ironwoodapps
Clearview Auto Repair Inc.,www.clearviewautorepair.com/contact,602-449-5636,,Kevin Lewis,Founder & Owner,Phoenix,AZ,Auto Repair,35090000,258,1995,
Maple Leaf Bistro,http://mapleleafbistro.com,18017471329,donna@mapleleafbistro.com,Donna Okafor,Owner,Salt Lake City,UT,Restaurant,,7,1978,https://www.linkedin.com/company/mapleleafbistro
Crescent Auto Care Corp,http://crescentautocare.com,17049139273,sharon@crescentautocare.com,Sharon Martinez,Founder & Owner,Charlotte,NC,Auto Repair,3350000,31,1999,https://www.linkedin.com/company/crescentautocare
Highland Supply Co Co.,https://www.highlandsupplyco.com,317.964.8874,steven_young@gmail.com,Steven Young,President,Indianapolis,IN,Retail,,42,2019,https://www.linkedin.com/company/highlandsupplyco
Copperline Pipe Works L.L.C.,,+1 704 219 5669,mei@copperlinepipeworks.com,Mei Phillips,CEO,Charlotte,NC,Plumbing,1410000,8,1999,
Golden Gate Supply Co Co.,http://goldengatesupplyco.com,14022361695,carol@goldengatesupplyco.com,Carol Robinson,Office Manager,Omaha,NE,Retail,7680000,60,1995,
Heritage Labs,https://www.heritagelabs.com,+1 214 272 3527,olga@heritagelabs.com,Olga Baker,Owner,Dallas,TX,Software Startup,766000,10,2020,https://www.linkedin.com/company/heritagelabs
The Heritage Outfitters,,208-252-8164,gary_edwards@aol.com,Gary Edwards,Owner,Boise,ID,Retail,2740000,16,1991,
Lakeside Power Services Co.,LAKESIDEPOWERSERVICES.COM,(602) 791-1971,brenda_miller@icloud.com,,Managing Partner,Phoenix,AZ,Electrical,1240000,8,2016,https://www.linkedin.com/company/lakesidepowerservices
Ironwood Electrical Contractors LLC,https://www.ironwoodelectricalcontractors.com,303.311.9550,gary.miller@aol.com,Gary Miller,General Manager,Denver,CO,Electrical,66630000,399,1979,
Patriot Bistro,PATRIOTBISTRO.COM,16024953550,richard.campbell@outlook.com,,Owner,Phoenix,AZ,Restaurant,5920000,47,2018,
Keystone Tax & Advisory,KEYSTONETAXANDADVISORY.COM,317-582-2269,gary@keystonetaxandadvisory.com,,Managing Partner,Indianapolis,IN,Accounting,,25,1976,
Clearview Cleaning Services,https://www.clearviewcleaningservices.com,+1 919 577 6820,carolyoung74@yahoo.com,,Managing Partner,Raleigh,NC,Commercial Cleaning,3190000,,2022,https://www.linkedin.com/company/clearviewcleaningservices
Northstar Automotive LLC,NORTHSTARAUTOMOTIVE.COM,+1 208 852 6269,teresa.parker7@icloud.com,Teresa Parker,General Manager,Boise,ID,Auto Repair,51900000,300,,https://www.linkedin.com/company/northstarautomotive
NORTHSTAR SOFTWARE LLC,www.northstarsoftware.com/contact,+1 919 216 6681,,,Owner,Raleigh,NC,Software Startup,91000,12,2020,
Stonegate Landscaping,https://www.stonegatelandscaping.com,402.208.1213,steven@stonegatelandscaping.com,Steven Roberts,Owner,Omaha,NE,Landscaping,8870000,58,2005,https://www.linkedin.com/company/stonegatelandscaping
Ironwood Apps LLC,https://www.ironwoodapps.com,+1 615 364 8382,sandra@ironwoodapps.com,Sandra Evans,Managing Partner,Nashville,TN,Software Startup,418000,10,2019,https://www.linkedin.com/company/ironwoodapps
Trailhead Boutique LLC,TRAILHEADBOUTIQUE.COM,(919) 383-4301,robert.turner94@gmail.com,Robert Turner,CEO,Raleigh,NC,Retail,2150000,12,2012,https://www.linkedin.com/company/trailheadboutique
The Stonegate Landscaping,,402.208.1213,steven@stonegatelandscaping.com,Steven Roberts,Owner,Omaha,NE,Landscaping,8870000,58,2005,
Evergreen Power Services,https://www.evergreenpowerservices.com,303-469-2071,daniel_evans@aol.com,Daniel Evans,Owner,Denver,CO,Electrical,4690000,46,2011,https://www.linkedin.com/company/evergreenpowerservices
Cobalt Apps Corp,https://www.cobaltapps.com,317.331.4374,rajroberts@outlook.com,Raj Roberts,Managing Partner,Indianapolis,IN,Software Startup,329000,9,2024,https://www.linkedin.com/company/cobaltapps
Keystone Exterminators Co.,,(804) 333-9749,rajhall@yahoo.com,,CEO,Richmond,VA,Pest Control,4120000,31,1986,https://www.linkedin.com/company/keystoneexterminators
Riverbend Janitorial,www.riverbendjanitorial.com/contact,+1 615 755 5508,info@riverbendjanitorial.com,Deborah Miller,Managing Partner,Nashville,TN,Commercial Cleaning,6390000,45,1984,
Cardinal Lawn & Garden Inc.,www.cardinallawnandgarden.com/contact,14023597063,,Gary Baker,Office Manager,Omaha,NE,Landscaping,2450000,17,1986,
Bluewater Networks,BLUEWATERNETWORKS.COM,15122877289,thomas_baker@icloud.com,Thomas Baker,Office Manager,Austin,TX,IT Services,1350000,10,1995,https://www.linkedin.com/company/bluewaternetworks
Patriot Cleaning Services,http://patriotcleaningservices.com,+1 214 672 9825,michael@patriotcleaningservices.com,Michael Campbell,Managing Partner,Dallas,TX,Commercial Cleaning,540000,6,2004,
Union Square CPA Group L.L.C.,www.unionsquarecpagroup.com/contact,(816) 649-2498,cynthia@unionsquarecpagroup.com,Cynthia Allen,Founder & Owner,Kansas City,MO,Accounting,54520000,308,1996,
Heritage Technology Group Corp,www.heritagetechnologygroup.com/contact,12345,linda.anderson@yahoo.com,Linda Anderson,Owner,Denver,CO,IT Services,4950000,30,2016,https://www.linkedin.com/company/heritagetechnologygroup
Cobalt Boutique Co.,COBALTBOUTIQUE.COM,(404) 795-5515,nancy_okafor@yahoo.com,Nancy Okafor,Office Manager,Atlanta,GA,Retail,2010000,19,1995,
Riverbend Electrical Contractors,http://riverbendelectricalcontractors.com,12082145341,brenda@riverbendelectricalcontractors.com,Brenda Roberts,Owner,Boise,ID,Electrical,4340000,43,1979,
Brightpath Plumbing L.L.C.,,317-957-9925,test@10minutemail.com,Richard Kowalski,Owner,Indianapolis,IN,Plumbing,2230000,23,1982,
Frontier Climate Control Corp,,813-901-8046,,Kevin Scott,Owner,Tampa,FL,HVAC,,58,1984,
Pinecrest Pipe Works,http://pinecrestpipeworks.com,303.604.8195,brian@pinecrestpipeworks.com,,Owner,Denver,CO,Plumbing,3130000,21,2000,
Riverbend Grill,www.riverbendgrill.com/contact,(919) 911-7090,sandrarodriguez@hotmail.com,Sandra Rodriguez,Managing Partner,Raleigh,NC,Restaurant,43220000,296,,https://www.linkedin.com/company/riverbendgrill
CRESCENT PLUMBING INC,https://www.crescentplumbing.com,404.698.4743,,,Office Manager,Atlanta,GA,Plumbing,3610000,38,2022,https://www.linkedin.com/company/crescentplumbing
FoxRun Pipe Works,,,raj.nelson30@icloud.com,Raj Nelson,Owner,Boise,ID,Plumbing,4610000,32,,
Pinecrest Apps,https://www.pinecrestapps.com,801-678-3874,sales@,Jerry Nelson,Office Manager,Salt Lake City,UT,Software Startup,892000,7,2024,https://www.linkedin.com/company/pinecrestapps
Frontier CPA Group,,(404) 431-6500,luis.nelson@outlook.com,Luis Nelson,Owner,Atlanta,GA,Accounting,1810000,,2006,https://www.linkedin.com/company/frontiercpagroup
Silver Creek Apps LLC,,(404) 890-8141,michael_walker@aol.com,,Founder & Owner,Atlanta,GA,Software Startup,849000,2,2019,https://www.linkedin.com/company/silvercreekapps
Heritage Auto Care,HERITAGEAUTOCARE.COM,(816) 380-4479,thomas_parker44@gmail.com,Thomas Parker,General Manager,Kansas City,MO,Auto Repair,17590000,,,
The Lakeside Power Services,,+1 602 791 1971,brenda_miller@icloud.com,Brenda Miller,Managing Partner,Phoenix,AZ,Electrical,1240000,8,,
Heritage Pest Control Corp,www.heritagepestcontrol.com/contact,13034198486,paul@heritagepestcontrol.com,Paul Adams,Managing Partner,Denver,CO,Pest Control,6440000,39,1983,
Harbor Grill Corp,HARBORGRILL.COM,214-367-1803,olga@harborgrill.com,Olga Scott,Founder & Owner,Dallas,TX,Restaurant,,21,,
The Lakeside CPA Group,,317-414-4411,sharon.mitchell12@gmail.com,Sharon Mitchell,President,Indianapolis,IN,Accounting,5290000,42,,
Heritage Outfitters LLC,https://www.heritageoutfitters.com,12082528164,gary_edwards@aol.com,Gary Edwards,Owner,Boise,ID,Retail,,16,1991,
Cobalt Automotive,www.cobaltautomotive.com/contact,(402) 208-1177,info@cobaltautomotive.com,Karen Scott,Office Manager,Omaha,NE,Auto Repair,57680000,377,1975,https://www.linkedin.com/company/cobaltautomotive
Riverbend Tax & Advisory L.L.C.,http://riverbendtaxandadvisory.com,+1 816 650 5355,kevinperez@gmail.com,Kevin Perez,CEO,Kansas City,MO,Accounting,,,2010,
Fox Run Bookkeeping L.L.C.,https://www.foxrunbookkeeping.com,317-934-9554,deborah.turner@aol.com,Deborah Turner,Managing Partner,Indianapolis,IN,Accounting,7560000,42,,
Bluewater Managed IT,http://bluewatermanagedit.com,18013269637,stevenanderson25@icloud.com,,President,Salt Lake City,UT,IT Services,2190000,19,2003,
